trailingPE,forwardPE,priceToBook,priceToSalesTrailing12Months,pegRatio,enterpriseToRevenue,enterpriseToEbitda,profitMargins,operatingMargins,grossMargins,ebitdaMargins,returnOnEquity,returnOnAssets,revenueGrowth,earningsGrowth,earningsQuarterlyGrowth,debtToEquity,currentRatio,quickRatio,totalCash,totalDebt,freeCashflow,operatingCashflow,trailingEps,forwardEps,bookValue,revenuePerShare,beta,fiftyTwoWeekHigh,fiftyTwoWeekLow,marketCap,dividendYield,payoutRatio,ticker
,72.6,3.1172178,5.092406,,4.376,-15.354,-0.43038,-0.26382,0.74667,-0.28498,-0.25791,-0.08049,0.229,,,,1.525,1.352,649846016.0,0.0,248284368.0,68844000.0,-1.32,0.2,4.658,2.925,0.766,25.91,14.48,4866537472.0,,0.0,S
,-157.57895,2.941928,,,,-164.312,0.0,0.0,0.0,0.0,-0.052249998,-0.00884,,,,55.304,2.992,2.829,111285000.0,584435968.0,-117628000.0,-10153000.0,-0.4,-0.19,10.177,,1.324,31.35,9.4,3124141056.0,,0.0,SA
,9.588235,-0.6658497,0.21214697,,1.393,9.771,0.18226999,0.13638,0.57945997,0.14257,,0.05223,0.035,,,,1.137,1.024,662238976.0,4218227968.0,61703000.0,873558976.0,-0.61,0.17,-2.448,7.791,1.078,4.63,1.52,643662400.0,,0.0,SABR
,-1.4525547,1.1449943,1651.9491,,739.176,-2.115,163.38321,-376.5713,0.0,0.0,0.18556,-0.22757,,,,3.748,10.495,10.325,110880632.0,6187342.0,-20132516.0,-37530972.0,-1.56,-2.74,3.476,0.012,0.589,6.6,1.0,189475264.0,,0.0,SABS
,3.8928573,0.29603478,13.308582,,87.149,,0.0,-0.00225,1.0,0.0,-0.16328,-0.06221,,,,170.592,10.956,10.945,11172000.0,299591008.0,,5004000.0,-0.78,0.28,3.682,0.083,1.205,1.479,0.801,51983324.0,18.35,9.2,SACH
8.566878,8.2515335,0.4037705,2.4190478,,13.798,16.492,0.28231,0.81365997,0.98874,0.83666,0.0476,0.02888,0.056,0.511,0.515,186.721,40.724,39.554,12123000.0,4521052160.0,-225389632.0,43393000.0,1.57,1.63,33.311,5.571,1.828,21.75,12.76,965122688.0,5.26,0.45099998,SAFE
12.708688,11.936,1.2351607,0.9025188,,0.891,9.12,0.07089,0.11217,0.09814999,0.09774999,0.09969,0.029790001,0.106,0.104,0.094,4.739,0.386,0.265,56233000.0,42626000.0,200119248.0,171367008.0,5.87,6.25,60.397,83.593,0.25,87.28,67.04,1111105408.0,4.93,0.6167,SAFT
,,,,,,,,,,,,,,,,,,,,,,,,,,,,,,,,,SAGE
17.303764,10.449676,2.057141,0.14492564,,0.402,9.314,0.008590001,0.03088,0.15536,0.043130003,0.12513,0.05473,0.138,-0.376,-0.369,389.255,1.019,0.258,264400000.0,4162299904.0,172924992.0,588200000.0,3.72,6.16,31.291,445.106,0.904,89.62,52.0,2199695872.0,2.36,0.38439998,SAH
,,,,,,,,,,,,,,,,,,,,,,,,,,,,,,,,,SAI
31.247402,20.73371,3.4810648,2.7267358,,2.816,14.367,0.08772001,0.14126,0.24548,0.19603,0.11923,0.07484,-0.003,-0.069,-0.069,13.791,1.68,1.52,35500000.0,348375008.0,-231186368.0,622403968.0,10.59,15.96,95.06,120.98,2.104,545.12,229.12,8816316416.0,,0.0,SAIA
22.725058,16.516865,2.254382,1.0763841,,0.925,7.376,0.046550002,0.11808,0.47717997,0.12544,0.09583,0.07502,-0.112,0.486,0.377,4.489,1.828,1.332,250454000.0,40897000.0,208967008.0,272120000.0,8.62,11.86,86.893,177.894,1.059,323.98,185.34,2132972416.0,,0.0,SAM
11.193877,13.886076,1.6080328,3.1883395,,2.445,,0.26841998,0.39319,0.0,0.0,0.13716,0.008090001,0.048,0.064,0.078,,,,420011016192.0,372550991872.0,,15155000320.0,0.98,0.79,6.822,3.375,0.959,11.15,4.43,161565917184.0,2.34,0.2474,SAN
,-5.234694,6.885906,,,,-7.375,0.0,0.0,0.0,0.0,-0.96112,-0.23899001,,,,45.946,4.555,4.31,153054000.0,89736000.0,-93534376.0,-158348000.0,-0.96,-0.98,0.745,,1.961,7.3,1.26,1366458240.0,,0.0,SANA
101.0,39.936733,2.4876845,18.371334,,20.032,26.121,0.17782,0.50598997,0.84302,0.76688004,0.02547,0.030299999,0.243,0.667,0.542,21.683,2.396,2.37,14774000.0,315000000.0,88605872.0,147846000.0,0.12,0.19,4.872,0.655,0.786,13.085,5.33,3556414720.0,0.0047,0.4757,SAND
,48.81818,0.71182394,0.7954446,,0.94,16.654,-0.02391,-0.03249,0.69218004,0.05644,-0.021340001,-0.0035299999,-0.155,,,20.122,0.871,0.625,15868000.0,50595000.0,37371500.0,34597000.0,-0.16,0.11,7.544,6.796,1.065,7.99,4.08,180852288.0,,0.0,SANG
35.446186,23.844645,3.5866778,1.0804976,,1.014,16.02,0.030250002,0.05198,0.08813,0.0633,0.108660005,0.046230003,0.039,-0.196,-0.217,14.125,1.724,0.976,927422976.0,358667008.0,456713248.0,620657024.0,4.46,6.63,44.077,150.673,1.031,178.39,63.67,8782697472.0,,0.0,SANM
,-0.03508772,0.0048065367,0.0023422274,,0.528,-2.601,-0.58622,-0.069359995,0.25583,-0.20302999,-0.69753,-0.09234,0.02,,,69.937,1.002,0.375,354497.0,23063294.0,20062244.0,-403165.0,-13.86,-1.71,12.483,24.435,1.893,10.0,0.06,128808.0,,0.0,SANW
35.22222,36.63111,6.7234063,7.905452,,7.876,26.557,0.19406,0.28272,0.73831004,0.29657,0.17028,0.09062,0.072,0.379,0.37,21.093,1.105,0.943,9934000128.0,9121000448.0,7024249856.0,7288000000.0,7.02,6.75,36.776,31.319,0.815,313.28,233.51,288501563392.0,1.03,0.3716,SAP
9.806035,7.6086955,0.8882208,2.8156333,,7.974,,0.27187002,0.70011,1.0,0.0,0.09041,0.04817,-0.288,-0.132,-0.002,189.233,2.486,1.358,105660176.0,776800256.0,14051799.0,87233352.0,2.32,2.99,25.613,8.768,0.602,26.17,21.1,366364832.0,13.19,1.6034,SAR
,,,,,,,,,,,,,,,,,,,,,,,,,,,,,,,,,SASR
,-4.4473686,-3.1947072,15.5910845,,20.153,-11.317,0.0,-2.22461,0.67046,-1.78071,,,0.29,,,,1.079,0.938,28288000.0,95278000.0,,-21070000.0,-1.13,-0.38,-0.529,0.147,1.373,5.49,1.255,228939488.0,,0.0,SATL
,-29.818182,3.3950233,1.5554819,,3.365,39.049,-0.85363996,-0.04438,0.24519,0.08618,-0.97757006,-0.00638,-0.071,,,447.051,0.606,0.506,3914569984.0,31324286976.0,1109892864.0,371500992.0,-45.02,-2.75,24.153,53.083,1.033,88.0,14.9,23605858304.0,,0.0,SATS
,,,,,,,,,,,,,,,,,,,,,,,,,,,,,,,,,SATX
,-1.8022599,1.8886915,,,,-0.693,0.0,0.0,0.0,0.0,-0.85438,-0.24798,,,,,2.267,2.225,106080000.0,0.0,18568876.0,-83769000.0,-2.22,-1.77,1.689,,-1.086,4.98,1.15,154102192.0,,0.0,SAVA
,,,,,,,,,,,,,,,,,,,,,,,,,,,,,,,,,SAVE
14.749999,7.5857143,0.65758514,1.978307,,3.438,7.2,0.16780001,0.29077998,0.58932996,0.47756,0.055809997,0.03276,-0.038,-0.288,-0.292,62.482,2.716,1.969,115246000.0,516276000.0,-72488496.0,98558000.0,0.36,0.7,8.075,2.64,1.058,5.54,3.02,543363776.0,3.77,0.5556,SB
23.876574,20.673937,-4.1025753,7.2428684,,12.503,19.21,0.30724,0.53851,0.75166,0.65086,,0.0896,0.097,-0.083,-0.084,,0.504,0.399,430305984.0,15028830208.0,205137504.0,1297472000.0,7.94,9.17,-46.21,25.943,0.861,245.16,185.13,20202213376.0,2.34,0.5421,SBAC
,12.112995,0.67146885,160.88403,,160.035,-4635.209,-0.078600004,9.675839,0.83322,-0.03453,-0.00068000006,-0.00018999999,11.299,,,,8.749,2.508,11128231.0,0.0,-4622130.0,-9671028.0,-14.55,,15.965,0.276,11.868,124.12,2.28,2108551040.0,,0.0,SBET
,-6.818182,0.53590566,3.7357855,,9.736,-0.661,0.0,-14.95974,-0.36523,0.0,,-0.62071997,,,,94.588,0.126,0.039,265667.0,6410755.0,420550.0,-5449252.0,-17.45,-0.22,2.799,0.554,-1.343,13.6,0.705,3826042.0,,0.0,SBEV
10.061612,11.926967,0.97807056,2.1089132,,1.935,,0.21593,0.31375998,0.0,0.0,0.1015,0.00947,0.15,0.829,0.719,,,,88626000.0,77588000.0,,21725000.0,2.11,1.78,21.706,9.832,0.237,24.48,17.1,133717744.0,2.92,0.2796,SBFG
0.2693032,0.0071571567,0.26935393,0.18796349,,-0.038,0.312,-0.16056,-0.05649,0.33008,-0.122159995,-0.24340999,-0.09867,0.116,,,3.532,4.205,2.024,9306438.0,854761.0,-6501533.0,-7126728.0,5.31,199.8,5.309,10.72,0.745,3.9,1.169,7015501.0,,0.0,SBFM
,36.74359,2.8757777,0.29924056,,1.392,7.819,-0.01349,0.02846,0.46328998,0.17799999,-0.115200005,0.038540002,-0.157,,,1537.355,2.011,1.74,526000000.0,4243099904.0,284524992.0,289000000.0,-0.56,0.39,4.983,48.861,0.977,18.45,11.89,998565760.0,6.98,1.1364,SBGI
8.269841,8.9827585,1.926063,0.41781408,,0.794,7.24,0.05292,0.05928,0.51622003,0.109610006,0.27535,0.067490004,0.013,0.089,0.039,196.796,2.26,0.461,149162000.0,1562966016.0,176020624.0,274831008.0,1.89,1.74,8.115,36.771,1.131,17.4,7.54,1546507136.0,,0.0,SBH
43.51064,4.4945054,0.9669488,2.2246153,,2.965,10.778,0.05849,0.14973,0.34299,0.27508,0.02495,0.018509999,-0.234,-0.77,-0.772,50.951,1.725,1.393,443358016.0,1230669952.0,232294496.0,271140992.0,0.47,4.55,21.149,9.057,0.768,20.87,12.06,2337690368.0,1.47,1.6809,SBLK
,,,,,,,,,,,,,,,,,,,,,,,,,,,,,,,,,SBOW
13.246778,,139.1296,12.569643,,12.471,,0.95001,0.96393996,1.0,0.0,9.86823,5.85726,0.288,0.298,0.298,,24.907,24.907,8221344.0,0.0,,,5.43,,0.517,5.723,0.264,84.39,58.25,1048692288.0,7.18,1.0012001,SBR
26.41096,28.352942,1.7018272,6.4352098,,9.646,15.816,0.23436001,0.31061,0.66634005,0.6099,0.06284,0.03232,0.073,-0.292,-0.243,92.011,2.991,2.618,204420992.0,2601117952.0,197326128.0,341153984.0,0.73,0.68,11.329,3.138,0.661,19.97,15.6,4807461888.0,6.22,1.6438,SBRA
13.278261,10.79152,1.0998272,3.8868716,,4.116,,0.29626,0.14528,0.0,0.0,0.08538,0.00836,-0.304,-0.764,-0.761,,,,474040992.0,528713984.0,,108895000.0,2.3,2.83,27.768,7.811,0.636,35.99,25.85,918646528.0,4.72,0.6261,SBSI
,42.58621,0.8658768,0.0794259,,0.544,3.443,-0.03181,-0.0017499999,0.14568,0.15804,-0.057540003,-0.00569,-0.008,,,96.647,2.889,1.519,21012000768.0,42858000384.0,-6160249856.0,19765999616.0,-0.3,0.29,14.263,78.918,0.888,13.4,3.05,8871237632.0,,0.0,SBSW
52.22086,22.881721,-11.951699,2.602972,,3.226,21.993,0.04992,0.10976,0.23045999,0.14669,,0.07266,0.055,-0.854,-0.853,,0.723,0.465,3467000064.0,26628499456.0,1924950016.0,4747500032.0,1.63,3.72,-7.122,32.733,0.977,117.46,75.5,96789954560.0,2.91,1.4969001,SBUX
,,,,,,,,,,,,,,,,,,,,,,,,,,,,,,,,,SBXC
30.326134,29.191269,11.005644,9.324113,,9.565,16.673,0.30977,0.52373004,0.59566003,0.5737,0.39299,0.19996999,0.152,0.215,0.235,70.675,4.517,3.72,4525499904.0,7432800256.0,3244112384.0,4618299904.0,4.63,4.81,12.758,15.091,1.082,144.25,72.855225,115009200128.0,2.56,0.6124,SCCO
,10.885057,0.8134341,0.44252563,,0.668,13.339,-0.00651,-0.37278,0.55759,0.05007,-0.0114400005,0.01089,-0.049,,,52.153,1.156,0.532,94300000.0,457900000.0,69587504.0,84300000.0,-0.69,2.61,34.926,60.164,1.183,31.86,15.77,714192128.0,2.82,1.3558999,SCHL
21.971897,24.689474,3.932928,7.432307,,6.069,,0.35930002,0.49242002,0.97342,0.0,0.17046,0.01768,0.266,0.775,0.675,99.789,0.59,0.59,83681001472.0,49280000000.0,,-753000000.0,4.27,3.8,23.855,12.597,0.956,99.59,65.88,170303881216.0,1.15,0.2482,SCHW
20.458221,19.166666,6.7943788,2.4797099,,3.596,11.796,0.124589995,0.21474001,0.26436,0.30484,0.33475,0.03381,0.044,0.025,-0.003,320.914,0.558,0.47,241339008.0,5029639168.0,454089760.0,993977024.0,3.71,3.96,11.171,30.052,0.986,86.83,71.75,10639765504.0,1.79,0.3396,SCI
,25.599998,0.65073717,0.64029837,,1.01,-9.3,-0.18476999,-0.34053,0.49932,-0.10855,-0.17525,-0.0712,-0.198,,,50.472,1.097,0.439,2015749.0,7904166.0,-418374.0,-1687261.0,-0.38,0.05,1.967,2.035,1.428,1.72,0.82,10209871.0,,0.0,SCKT
22.80808,11.095822,0.8192885,0.4433798,,0.706,8.222,0.01964,0.03735,0.119399995,0.085810006,0.03669,0.01957,0.079,-0.544,-0.541,57.949,1.301,0.777,118537000.0,722497984.0,27671376.0,156176992.0,1.98,4.07,55.121,100.771,1.052,77.76,41.82,1021474752.0,3.5,0.77779996,SCL
,-49.102566,-0.6437408,2.9072237,,4.408,-0.686,0.0,-17.66212,0.68593,0.0,,-0.87428004,-0.269,,,,0.046,0.036,878000.0,67666000.0,-20055150.0,23821000.0,-40.46,-0.39,-29.748,4.725,1.336,34.27,3.6,117335552.0,,0.0,SCLX
0.3,,0.81466395,3.628483,,6342.583,-1078.568,4.48387,-4.86805,-1.46992,0.0,17.919859,-0.39555,0.361,,,29.982,0.71,0.532,989000.0,2356000.0,-3387625.0,-5689000.0,4.0,,1.473,0.872,1.674,6.18,0.86,4161870.0,,0.0,SCNI
,4.862319,-1.2817574,0.09376248,,0.76,23.932,-0.02755,0.01918,0.41587,0.031770002,-0.05124,0.0029300002,0.005,,,32.285,0.646,0.546,26705000.0,58505000.0,14450625.0,9453000.0,-5.44,1.38,-5.235,70.016,1.05,10.18,4.39,33655104.0,,0.0,SCOR
,-7.767123,,6.090952,,6.275,-4.714,-1.8354601,-0.89109004,0.68464,-1.33129,,-0.57081,0.992,,,,3.854,2.961,41093000.0,52448000.0,-41906124.0,-65860000.0,-1.81,-0.73,-0.4,0.963,0.3,6.2799,1.94,304358784.0,,0.0,SCPH
0.0002735739,-0.0016151202,-0.042727273,0.09770043,,5.3,-0.536,0.0,-34.54989,0.0,0.0,-4.3817997,-0.57133,-0.94,,,,0.088,0.05,249162.0,20747706.0,-14764088.0,-24694424.0,17.18,-2.91,-0.11,0.615,1.224,0.8,0.0001,287370.0,,0.0,SCPX
20.175,14.157894,1.8218759,0.5687484,,0.68,11.912,0.029240001,0.08371,0.33602002,0.05704,0.097770005,0.02931,0.048,-0.453,-0.445,61.049,1.659,1.034,257900000.0,620499968.0,5187500.0,17300000.0,0.8,1.14,8.859,28.563,1.251,17.4,9.32,1853551104.0,2.48,0.5,SCS
12.796875,10.949198,0.9886289,0.30072713,,0.306,7.209,0.02478,0.03584,0.13793999,0.04241,0.081149995,0.035150003,-0.046,0.29,0.171,15.877,2.157,1.125,124924000.0,145118000.0,55829124.0,90730000.0,3.2,3.74,41.421,131.162,1.289,53.9,28.75,903648896.0,,0.0,SCSC
8.352382,5.533123,0.70202124,0.41961247,,0.642,7.289,0.050580002,0.06267,0.36540002,0.0881,0.08777001,0.03801,-0.032,-0.243,-0.239,53.104,4.055,0.812,107663000.0,362791008.0,21311750.0,81809000.0,2.1,3.17,24.985,41.958,1.317,36.94,15.21,480119328.0,3.42,0.2786,SCVL
,-4.496667,6.42381,23.903246,,24.145,-2.72,0.0,-5.73468,-0.29759002,0.0,-2.32627,-1.02976,8.331,,,21.471,1.439,0.9,933328.0,1394969.0,-7948123.0,-13297172.0,-0.12,-0.06,0.042,0.013,-0.229,1.09,0.16,45663328.0,,0.0,SCWO
,,,,,,,,,,,,,,,,,,,,,,,,,,,,,,,,,SCWX
,4.3706665,0.75529957,9.383455,,-2.773,,0.0,-25.16467,1.0,0.0,-0.53286,-0.28851998,-0.494,,,6.27,5.75,5.659,37928000.0,2284000.0,-21688000.0,-33591000.0,-0.51,0.15,0.868,0.059,1.364,1.49,0.565,27512292.0,,0.0,SCYX
8.502793,7.3526573,1.1348892,3.589408,,2.944,4.564,0.42418,0.38534,0.70369005,0.64496005,0.14085001,0.062119998,0.325,-0.373,-0.374,0.27,2.173,2.046,101204000.0,1329000.0,16199750.0,94443000.0,1.79,2.07,13.411,4.228,0.499,15.56,8.81,559696384.0,3.15,0.2514,SD
,7.034483,7.0833335,0.4540931,,0.656,70.754,-0.02922,0.01474,0.1169,0.00927,-0.12659,-0.00227,0.019,,,96.753,1.261,0.823,45701000.0,83349000.0,68896376.0,5210000.0,-0.12,,0.288,4.6,0.062,10.61,1.54,209391408.0,,0.0,SDA
,-7.1417003,4.0421634,5.057172,,3.969,-6.214,-0.68491995,-0.84580004,0.58163,-0.63865,-0.45666,-0.16104999,0.539,,,34.711,3.251,3.092,391232992.0,111546000.0,-35546876.0,-1121000.0,-2.4,-2.47,4.364,3.508,1.569,28.47,15.99,1299445376.0,,0.0,SDGR
16.27559,9.842857,2.2681882,0.18673575,,0.573,6.384,0.0113,0.07206,0.23427,0.08971,0.20066,0.10552,-0.057,-0.594,-0.602,13.084,7.33,0.331,14775000.0,55794000.0,13289250.0,-35617000.0,1.27,2.1,9.113,111.432,,33.72,15.0,186394576.0,,0.0,SDHC
,,,,,,,,,,,,,,,,,,,,,,,,,,,,,,,,,SDIG
,1.4083333,0.16981512,0.011209883,,0.039,-0.728,-0.02813,-49.60208,-0.01388,-0.05422,-0.48993,-0.13027,-0.999,,,49.422,0.97,0.603,581000.0,11705000.0,-3687250.0,-11243000.0,-19.47,2.4,19.904,752.978,0.616,43.9,2.43,5235890.0,,0.0,SDOT
,,,,,,,,,,,,,,,,,,,,,,,,,,,,,,,,,SDPI
68.085106,8.648648,0.69668204,1.5271411,,1.701,8.964,0.026010001,0.0767,0.27161,0.18975,0.011770001,0.0051700003,0.054,,,21.955,1.891,1.444,402000000.0,629000000.0,166750000.0,19000000.0,0.47,3.7,45.932,21.081,1.658,40.2,17.74,1995973504.0,,0.0,SDRL
58.51092,63.502377,7.822407,3.7707186,,3.527,41.406,0.06742,0.07951,0.44924998,0.08519,0.15684,0.04453,0.383,1.458,1.446,41.186,1.435,0.726,9902005248.0,4243763968.0,763986496.0,4569095168.0,2.29,2.11,17.129,35.688,1.58,199.3,99.5,79324749824.0,,0.0,SE
,36.333336,0.18243113,0.17228691,,0.63,27.51,-0.24080999,-0.16753,0.71454,0.02289,-0.62777,-0.01635,-0.269,,,120.788,0.672,0.527,145108000.0,405240992.0,7993000.0,-5609000.0,-28.6,0.21,41.824,98.068,0.96,100.0,7.04,110914000.0,,0.0,SEAT
10.7295685,,0.85167456,0.429951,,0.499,7.943,0.04044,0.033069998,0.07384,0.06284,0.084300004,0.02299,0.145,,,38.383,2.441,1.41,1244000000.0,1908000000.0,-165250000.0,680000000.0,410.16,,5167.279,10147.804,0.336,4800.0,2365.0,4221259264.0,0.2,0.0219,SEB
,,,,,,,,,,,,,,,,,,,,,,,,,,,,,,,,,SEDSA
,-12.04898,3.6648045,1.6887903,,1.61,-4.238,-0.53646,-0.14307,0.02438,-0.37982,-0.78094,-0.10722999,0.445,,,86.67,2.281,1.467,498579008.0,415806016.0,212921248.0,89437000.0,-9.63,-2.45,8.055,17.91,1.674,48.6,11.0,1765297536.0,,0.0,SEDG
15.516729,13.250793,5.1588187,1.1518078,,1.899,9.708,0.08523,0.154,0.30107,0.19564,0.40418,0.06982,0.005,1.75,1.782,358.599,1.288,0.613,282500000.0,4268400128.0,338800000.0,578600000.0,2.69,3.15,8.091,36.381,1.357,44.27,22.78,6140978176.0,1.92,0.2974,SEE
,,-0.34099242,0.11683795,,0.099,-0.148,-0.06647,-0.34102002,0.06899,-0.67334,,-0.26134002,-0.214,,,,0.427,0.06,2400000.0,32579000.0,-168657632.0,-14710000.0,-0.08,,-4.091,13.581,1.811,2.7,0.74,10945613.0,,0.0,SEED
,,,,,,,,,,,,,,,,,,,,,,,,,,,,,,,,,SEEL
,-1.2207793,0.38587847,6.4674826,,-4.281,0.9,0.0,-4.69449,0.50724,0.0,-0.2574,-0.1519,0.022,,,8.921,14.251,13.588,199235008.0,24249000.0,-26981376.0,-45098000.0,-1.36,-1.54,4.872,0.281,1.602,2.59,1.62,105917960.0,,0.0,SEER
14.935543,16.618853,4.143039,4.462649,,4.073,14.03,0.31094,0.2765,0.78761,0.29032,0.29283002,0.13726,0.077,0.092,0.06,1.088,5.727,5.489,824064000.0,26317000.0,397746112.0,676532992.0,5.43,4.88,19.575,17.874,0.982,93.96,64.66,10025992192.0,1.21,0.18049999,SEIC
31.1875,21.69565,1.205314,4.4433036,,5.113,13.782,0.14136,0.23273,0.62216,0.37098998,0.0379,0.02952,0.008,-0.6,-0.58,34.063,4.136,3.663,7457931.0,15987260.0,3717722.0,4715535.0,0.16,0.23,4.14,1.142,0.02,5.89,4.73,56577824.0,5.81,1.8125,SELF
,,1.2004,0.18684915,,0.789,-0.639,-1.00321,-1.02057,-0.23687,-1.23417,-0.92481005,-0.26423,4.376,,,348.856,1.071,0.552,117748000.0,159539008.0,20386124.0,2214000.0,-0.1,,0.5,3.198,-0.476,1.85,0.523,22464500.0,,0.0,SELX
18.182926,6.597345,1.0928682,0.34434023,,0.912,12.81,0.02049,0.05351,0.17063999,0.07118,0.077,0.026789999,0.072,-0.468,-0.482,137.554,1.086,0.943,60054000.0,2778400000.0,81550376.0,407574016.0,0.82,2.26,13.643,43.304,1.048,20.83,11.65,1848679936.0,1.68,0.3811,SEM
,32.88889,6.090535,4.12264,,3.531,725.874,-0.01053,-0.04006,0.80866,0.00486,-0.01874,-0.01074,0.151,,,4.671,2.293,2.072,275696000.0,13944000.0,62215000.0,56620000.0,-0.02,0.36,1.944,2.9,1.552,18.74,6.558,1767074944.0,,0.0,SEMR
13.044032,,1.147444,0.48289442,,0.655,7.451,0.03728,0.0943,0.10479,0.08794,0.09417,0.04216,0.081,1.254,1.236,44.544,2.587,0.403,18134000.0,299724000.0,240717872.0,292648000.0,8.63,,98.105,233.524,0.105,129.03,70.58,775612928.0,,0.0,SENEA
,-55.166668,3.456919,9.232132,,6.85,-3.357,-2.17646,-2.42137,0.41112,-2.0406501,-1.2929,-0.32636002,0.899,,,52.663,6.229,5.71,110952000.0,41164000.0,-33747376.0,-55410000.0,-1.54,-0.12,1.915,0.756,0.929,28.0,5.14,270483008.0,,0.0,SENS
,,,,,,,,,,,,,,,,,,,,,,,,,,,,,,,,,SEPA
,-1.800554,-10.76159,298.77765,,294.812,-1.57,0.0,-188.68967,0.0,0.0,,-1.3784801,,,,212.422,1.308,0.981,8620000.0,3386000.0,-7731000.0,-16511000.0,-1.87,,-0.302,0.012,,7.92,3.23,34658208.0,,0.0,SER
,-5.811321,1.4453307,1251.2838,,821.2,-2.157,0.0,-561.25,-0.62105,0.0,-0.47687,-0.24698,-0.448,,,2.976,1.893,1.843,43304000.0,2446000.0,-16543875.0,-25763000.0,-0.76,-0.53,2.131,0.002,0.977,9.13,1.37,118871960.0,,0.0,SERA
,-21.64516,3.201336,514.0535,,407.612,-9.514,0.0,-50.67831,0.0,0.0,-0.47177,-0.2983,2.095,,,1.461,17.214,16.606,210447008.0,4147000.0,-54528564.0,-56864228.0,-1.44,-0.62,4.192,0.035,,24.35,4.66,999568320.0,,0.0,SERV
,-7.482759,3.4720001,42.872913,,31.853,-7.009,0.0,-2.6199799,0.65379995,0.0,-0.33693,-0.1841,,,,4.549,8.225,7.762,214010000.0,10380000.0,-29652750.0,-60247000.0,-0.28,-0.29,0.625,0.056,0.562,3.73,0.364,792205696.0,,0.0,SES
8.192308,6.0000005,0.48179147,4.4237146,,16.333,,0.52771,0.4859,0.92057,0.0,0.05791,0.02293,0.02,-0.02,-0.014,161.156,3.099,3.088,77495000.0,429448992.0,,15669000.0,1.04,1.42,17.684,1.989,0.503,13.97,8.3,130092600.0,14.59,1.2652,SEVN
21.043077,5.5153227,15.043995,5.579425,,5.613,9.676,0.27663,0.57997,0.71646005,0.58006,1.07026,0.48896998,0.67,0.705,0.727,76.104,3.517,3.157,104147000.0,118166000.0,72413248.0,56590040.0,3.25,12.4,4.546,12.376,8.736,186.74,24.86,2335730688.0,,0.0,SEZL
22.305655,16.546526,2.5380456,2.4369392,,1.909,,0.12533,0.20129,0.95043,0.0,0.11728,0.01646,0.165,0.373,0.334,40.896,0.878,0.861,5789001216.0,2354008064.0,,1158413056.0,5.66,7.63,49.743,51.012,1.144,126.69,73.27,12899392512.0,1.46,0.3186,SF
16.645283,,1.0463765,2.721237,,1.344,,0.17657,0.23746,0.0,0.0,0.06519,0.0063300002,0.073,0.467,0.469,,,,101156000.0,40734000.0,,5309000.0,2.65,,42.155,15.158,0.097,55.85,43.8,105336360.0,1.72,0.2868,SFBC
15.46895,14.27668,2.2153392,7.9282165,,9.906,,0.51313996,0.64379996,0.0,0.0,0.15239,0.01501,0.075,0.093,0.095,,,,593305024.0,1576989056.0,,323615008.0,4.67,5.06,32.609,9.117,0.941,97.181,66.48,3945881088.0,1.85,0.2869,SFBS
,-11.130434,3.3464053,0.5323376,,0.407,-52.41,-0.022349998,-0.02506,0.43973,-0.00777,-0.1467,-0.0425,0.073,,,42.606,1.664,0.933,244160000.0,86950000.0,24017250.0,22286000.0,-0.22,-0.46,1.53,9.879,2.226,6.985,2.6,686971008.0,,0.0,SFIX
,10.134147,1.1128968,1.5510464,,4.635,8.256,-0.00204,0.27638,0.56948,0.56136,-0.00148,0.03049,-0.308,-0.808,-0.806,279.112,0.421,0.333,281679008.0,2767649024.0,134172128.0,317409984.0,-0.01,0.82,7.467,5.808,0.472,11.14,6.73,1201318016.0,9.63,4.1538,SFL
16.57752,20.366669,5.8107467,0.96600306,,1.14,11.998,0.05933,0.07153,0.39061,0.095019996,0.36965,0.11021,0.131,0.341,0.311,129.582,1.046,0.496,322415008.0,1858926976.0,509168736.0,702334016.0,5.16,4.2,14.721,87.89,0.702,182.0,75.75,8359496704.0,,0.0,SFM
,11.524692,0.8055052,-2060.9287,,-2085.811,,0.0,1.23156,0.0,0.0,-0.12417,-0.0166,,,,,,,721736000.0,754355968.0,,416704000.0,-3.26,1.62,23.178,-0.01,0.927,24.51,17.0,2701877504.0,4.55,0.6654,SFNC
16.154799,28.205404,1.1991267,3.9062743,,3.956,,0.23892,0.40602002,0.0,0.0,0.07655,0.0061299996,0.274,0.981,0.977,,,,283268992.0,288672992.0,,30736000.0,3.23,1.85,43.515,13.603,0.76,52.65,29.14,427311264.0,,0.0,SFST
6.785714,,0.63460255,0.14964508,,0.267,6.359,0.021659998,0.029579999,0.09116,0.042069998,0.09522,0.03548,0.16,0.164,0.164,56.745,1.318,1.027,14327000.0,73865000.0,-19731624.0,12265000.0,0.14,,1.497,6.551,-2.797,1.29,0.844,80877328.0,,0.0,SFWL
,-15.55814,2.013241,1.1557758,,1.486,-22.325,-0.16545999,-0.17261,0.17306,-0.06657,-0.2647,-0.07829,-0.006,,,90.621,1.291,1.198,129972000.0,356408000.0,-60981000.0,2077000.0,-0.97,-0.43,3.323,5.838,1.939,42.65,5.14,791919040.0,,0.0,SG
230.2,23.979168,0.4573995,0.6749422,,0.529,11.345,0.00264,-0.022230001,0.11407,0.046669997,0.00177,-0.00059999997,-0.018,,,6.35,2.738,2.269,26270000.0,10291000.0,-405750.0,9113000.0,0.05,0.48,25.164,17.888,0.067,14.27,10.75,74123504.0,8.69,20.0,SGA
,-2.8646615,0.13832413,6.4067574,,10.27,-3.395,0.0,-2.38566,-0.63437,0.0,-2.28409,-0.21801001,-0.4,,,48.902,0.183,0.138,3021757.0,12194025.0,1460190.0,-4800834.0,-244.38,-1.33,27.544,18.374,2.071,122.88,1.81,21673394.0,,0.0,SGBX
27.263887,10.223958,0.80861753,0.27739638,,0.447,10.168,0.0099599995,0.03297,0.37662998,0.043959998,0.02861,0.01879,-0.075,-0.455,-0.492,58.013,2.936,1.706,16651000.0,112450000.0,2222625.0,10201000.0,0.36,0.96,12.138,37.155,1.47,17.4,8.3,156733680.0,5.71,1.5555999,SGC
,,,,,,,,,,,,,,,,,,,,,,,,,,,,,,,,,SGE
,,,,,,,,,,,,,,,,,,,,,,,,,,,,,,,,,SGH
26.738094,23.893616,7.623896,2.423612,,2.25,10.742,0.09804,0.23518999,0.51058,0.20945999,0.32813,0.23642,0.178,8.693,8.787,9.69,1.75,1.729,478000000.0,72000000.0,,,0.42,0.47,1.473,4.642,1.104,14.38,5.45,5678309888.0,1.42,0.2831,SGHC
,-9.9382715,6.571429,5.5964003,,4.917,-8.902,-0.6063,-0.25646,0.86044997,-0.55231,-0.5791,-0.20472999,-0.012,,,63.284,9.601,8.631,92373000.0,40685000.0,-15662125.0,-31326000.0,-0.9,-0.81,1.225,1.475,2.409,8.8,2.03,425617440.0,,0.0,SGHT
,,0.8282993,2.7414556,,-7.733,5.673,0.0,-1.83458,0.20599002,-1.3632201,-1.66294,-0.07705,-0.386,,,57.854,1.164,1.15,17129324.0,1192998.0,9853480.0,-3941340.0,-3.04,,0.735,0.417,1.171,5.49,0.54,4440278.0,,0.0,SGLY
,,,,,,,,,,,,,,,,,,,,,,,,,,,,,,,,,SGMA
,9.336634,12.539894,7.5587025,,8.712,-316.455,-0.23815,-0.31756002,0.092089996,-0.02753,-0.34250998,-0.028970001,0.366,,,198.653,0.489,0.257,6108000.0,166412000.0,-12922714.0,-14248490.0,-0.28,1.01,0.752,1.249,0.015,13.4,4.25,1050350912.0,,0.0,SGML
,-2.254091,26.1,5.075821,,4.948,-1.554,0.0,-61.19277,-2.1910899,0.0,-4.80019,-0.68111,-0.988,,,407.24,0.879,0.693,29616000.0,25424000.0,-38798752.0,-76156000.0,-0.45,-0.22,0.019,0.132,1.415,2.84,0.38,166867616.0,,0.0,SGMO
,-1.8,1.7425689,,,,,0.0,0.0,0.0,0.0,-0.39782003,-0.26519,,,,0.096,13.064,12.759,116693000.0,115000.0,-26935376.0,-44841000.0,-1.78,-3.55,3.667,,3.367,11.41,1.73,207813024.0,,0.0,SGMT
,,-70.588234,13.160683,,12.785,-0.752,0.0,-28.40198,0.81534,0.0,,-3.5771499,-0.448,,,,0.262,0.211,215539.0,77761.0,-3550070.0,-3727302.0,-4.04,,-0.017,0.147,9.097,7.24,0.435,4821337.0,,0.0,SGN
,7.3183336,1.2063187,0.14295441,,0.26,-15.674,-0.0952,-0.11976,0.18009001,-0.01656,-0.58027,-0.024360001,0.096,,,158.147,1.195,1.141,8206000.0,26235000.0,-1432500.0,-15897000.0,-0.63,0.12,0.728,6.26,0.096,2.13,0.85,21032882.0,,0.0,SGRP
,13.642858,1.273522,0.67619145,,2.346,11.53,-0.05213,0.16445999,0.23917,0.20346001,0.00656,0.04191,0.066,,,109.361,1.881,1.336,203400000.0,3885600000.0,131262496.0,282300000.0,-1.36,1.26,13.498,25.941,1.934,26.16,14.94,2223385088.0,,0.0,SGRY
6.976331,13.397727,1.1584946,0.22933021,,0.366,4.773,0.0374,-0.06855,0.31587,0.07666,0.20796,0.069759995,-0.078,,,85.308,0.704,0.475,28082000.0,287972992.0,66617752.0,95154000.0,1.69,0.88,10.177,51.443,0.327,13.75,11.11,407532864.0,6.28,0.4157,SGU
76.5,69.05309,6.1708183,2.4255288,,2.675,22.249,0.03102,0.05187,0.40018,0.12021,0.09078,0.0211,0.159,,,161.432,1.841,1.754,357756992.0,864041984.0,50521752.0,204302000.0,1.02,1.13,12.645,34.199,1.67,144.65,72.93,3331364096.0,,0.0,SHAK
10.327485,11.695364,1.0225825,2.7780516,,1.456,,0.26778,0.4097,0.0,0.0,0.10248,0.009330001,0.087,0.278,0.282,,,,416767008.0,135936992.0,,86332000.0,1.71,1.51,17.27,6.368,0.932,17.84,11.47,590316480.0,2.72,0.2807,SHBI
83.75,20.679012,8.642931,4.136526,,5.858,12.377,0.04818,0.39792,0.55979997,0.47327998,0.108610004,0.07843,0.091,1.833,1.847,414.101,2.384,2.04,299407008.0,2279504896.0,202610880.0,239808000.0,0.2,0.81,1.938,4.055,1.821,17.78,9.53,4758573056.0,,0.0,SHC
,-62.928574,-4.899889,1.3366857,,3.174,34.234,-0.06,0.02631,0.63475,0.09272,,0.00489,0.112,,,,0.718,0.45,142490000.0,2508291072.0,20136250.0,125640000.0,-0.41,-0.14,-1.798,6.623,0.686,8.92,4.6,1722951808.0,,0.0,SHCO
,,,,,,,,,,,,,,,,,,,,,,,,,,,,,,,,,SHCR
14.900001,9.288804,2.413155,0.77537143,,1.736,9.583,0.054380003,0.11347,0.25445,0.18119,0.081549995,0.04901,-0.041,0.324,0.24,41.602,1.352,0.874,33052999680.0,73977004032.0,17617500160.0,46590001152.0,4.9,7.86,30.255,89.794,-0.094,77.47,58.545,208633069568.0,3.92,0.5788,SHEL
,,0.6586078,0.48738736,,0.553,,0.0,-0.92964,1.0,0.0,-2.2974699,-1.3221899,-0.523,-0.529,-0.493,21.683,2.082,1.404,861722.0,1517099.0,,-5129967.0,-19.2,,2.399,3.535,0.872,10.54,1.22,4868102.0,,0.0,SHFS
8.269817,7.6408453,0.00049183297,0.0017614877,,2.3,,0.32311,0.48943,0.0,0.0,0.083459996,0.0065200003,0.034,0.141,0.098,,,,123844341792768.0,155749892227072.0,,-4495761211392.0,6.56,7.1,110301.67,30613.238,0.59,56.13,28.76,26533083136.0,2.93,0.1768,SHG
,-9.310346,-1.8354862,0.1949696,,0.312,-3.537,-0.1233,-0.02468,0.00558,-0.0881,,-0.12611,-0.145,,,,0.834,0.755,17597000.0,75438000.0,-59075248.0,-20808000.0,-1.79,-0.29,-1.471,14.283,0.647,3.5,1.3,96701800.0,,0.0,SHIM
14.216217,4.0306516,0.79462194,1.4773157,,3.101,7.841,0.10258,0.34089002,0.58012,0.3955,0.057779998,0.03744,0.059,-0.004,0.016,105.954,,,36812000.0,287464000.0,,,0.74,2.61,13.239,7.399,0.765,11.15,4.78,222120320.0,4.94,0.6216,SHIP
42.263157,17.844444,2.2793074,3.0971212,,3.46,17.998,0.07666,0.18778999,0.36816,0.19226,0.05863,0.053049996,0.329,,,28.194,2.19,1.456,8589000.0,166242000.0,22380750.0,35142000.0,0.19,0.45,3.523,2.597,1.705,11.36,2.71,1344128896.0,,0.0,SHLS
,,,,,,,,,,,,,,,,,,,,,,,,,,,,,,,,,SHLT
,,-7.033133,2.5300565,,3.279,-2.881,-0.93394995,-2.36074,0.24485001,-1.13818,,-0.45113,-0.266,,,,0.603,0.397,3011000.0,62330000.0,,,-2.01,,-0.664,2.376,-0.663,6.7,1.86,201101536.0,,0.0,SHMD
446.50003,33.074074,1.010524,1.8080617,,2.966,13.738,0.01939,0.05185,0.42898998,0.21591,0.008909999,0.014090001,0.013,,-0.593,47.298,1.48,0.885,121845000.0,926846976.0,162851872.0,175626000.0,0.02,0.27,8.837,4.776,1.032,12.41,7.45,1695835264.0,4.03,18.0,SHO
56.256413,14.481849,3.7472246,1.3493859,,1.547,19.287,0.02382,0.05131,0.40847,0.0802,0.0712,0.05869,0.069,-0.624,-0.629,60.966,1.91,0.979,108862000.0,540243968.0,32774376.0,174923008.0,0.78,3.03,11.71,33.384,1.146,45.13,19.05,3188230400.0,1.91,1.0769,SHOO
119.31852,87.07027,16.754732,19.605541,,19.116,118.463,0.16650999,0.1737,0.48747003,0.16137,0.15741,0.07737,0.315,-0.688,-0.681,8.912,3.934,3.057,6349000192.0,1115000064.0,1174749952.0,1923000064.0,1.35,1.85,9.614,8.25,2.83,182.19,69.84,209700864000.0,,0.0,SHOP
,,1.7255507,-730.28107,,-463.039,-1.534,0.0,-95.989944,0.0,0.0,-1.11071,-0.66823,-0.937,,,45.493,1.159,0.995,18714862.0,10503573.0,1521658.0,-13268633.0,-0.35,,0.227,-0.001,1.638,1.34,0.215,67153728.0,,0.0,SHOT
,,,,,,,,,,,,,,,,,,,,,,,,,,,,,,,,,SHPW
32.562073,26.064945,18.552492,3.5683472,,4.135,22.169,0.110489994,0.18197,0.48876,0.18653,0.59939,0.09191,0.032,0.053,0.033,325.153,0.822,0.46,241500000.0,14389000192.0,1919149952.0,3293600000.0,10.23,12.78,17.955,93.683,1.241,385.9,308.84,83055419392.0,0.95,0.3013,SHW
,,,,,,,,,,,,,,,,,,,,,,,,,,,,,,,,,SHYF
,-26.24,4.94721,4.411348,,3.849,-37.222,-0.11238,-0.11063,0.79619,-0.1034,-0.12907,-0.068730004,0.206,,,21.401,7.972,6.534,145744000.0,36836000.0,-6168000.0,-1225000.0,-0.51,-0.75,3.978,4.549,0.76,20.05,12.5,853939904.0,,0.0,SIBN
,8.2,0.15378845,0.047880888,,0.919,4.909,-0.03424,0.14095001,0.26855,0.18725,-0.05342,0.031070001,0.066,,,306.747,1.323,0.864,16873877504.0,53237022720.0,-3261508864.0,2541346048.0,-0.22,0.2,10.664,34.252,1.65,1.98,1.24,2174793984.0,14.52,96.1784,SID
,-0.24693334,1.0894117,7.206033,,6.423,-1.28,0.0,-4.3383303,-1.29838,0.0,-1.4280901,-0.43851003,-0.305,,,41.271,1.376,1.048,12734087.0,9897209.0,-18403064.0,-19601936.0,-1.26,-3.0,0.68,0.207,-1.321,7.65,0.628,26111336.0,,0.0,SIDU
16.5,,1.3211745,1.3298187,,-1.157,,0.08084,0.08182,0.92404,0.0,0.08335,0.012309999,0.189,-0.58,-0.576,278.745,1.138,1.132,481623008.0,256076992.0,,45302000.0,0.18,,2.248,2.241,0.752,5.77,2.08,120068000.0,,0.0,SIEB
,,1.1344827,0.48686698,,0.759,10.52,-0.008880001,0.16922002,0.12806,0.072129995,-0.05631,0.00644,0.005,277.913,46.333,69.192,1.486,1.127,1978000.0,24802000.0,7866250.0,205000.0,-0.31,,5.8,13.851,1.131,7.88,2.33,40732752.0,,0.0,SIF
,46.708336,0.041775517,0.019568985,,0.984,6.045,-0.036170002,0.06722,0.33613998,0.16280001,-0.07519,0.01642,0.025,,,197.014,0.881,0.634,2567000064.0,38461001728.0,-4156410880.0,13526075392.0,-0.25,0.24,268.339,573.098,1.059,17.85,2.8,811048000.0,,0.0,SIFY
25.0,7.229965,1.9679439,0.5007212,,0.631,6.959,0.021259999,0.01825,0.39745998,0.090670004,0.08239,0.06062,0.031,3.083,1.857,66.963,1.499,0.162,234700000.0,1152300032.0,472012512.0,722700032.0,3.32,11.48,42.176,162.407,1.125,110.2,45.55,3415469568.0,1.54,0.3765,SIG
6.0194173,5.0,2.1823301,2.5775964,,1.585,3.005,0.43233,-3.9017498,0.65686995,0.52734,0.39938,0.26434,-0.738,,,0.449,9.168,7.022,171955584.0,914548.0,88438232.0,116642360.0,1.03,1.24,2.841,2.41,0.997,9.62,4.95,443990080.0,,0.0,SIGA
11.947612,9.953787,1.4236927,0.90243685,,0.994,8.385,0.07779,0.11688,0.21305999,0.11856,0.12218001,0.02586,0.093,0.259,0.25,25.855,0.352,0.219,588340992.0,902316992.0,1134577792.0,1188948992.0,6.49,7.79,54.464,86.006,0.259,100.14,71.75,4718332416.0,2.22,0.2342,SIGI
47.015305,28.955225,6.892812,10.987361,,10.718,32.634,0.23256999,0.25898,0.42104,0.32841998,0.14042,0.09995,0.4,0.041,0.036,,2.137,1.903,80344000.0,0.0,113244248.0,72680000.0,1.96,,13.369,8.406,1.221,94.83,39.33,2376203776.0,1.74,0.6122,SII
,-10.5,0.7015032,1.4071738,,0.591,-3.185,-0.25332,-0.19725999,0.30281,-0.18545,-0.11873999,-0.052729998,0.058,,,5.362,4.879,2.98,55139000.0,6411000.0,,,-2.61,-1.4,20.955,10.381,1.054,19.36,12.44,83739504.0,,0.0,SILC
,,,,,,,,,,,,,,,,,,,,,,,,,,,,,,,,,SILK
,-0.62685716,0.91607517,81.05265,,-0.307,0.004,0.0,-63.88161,0.65235,0.0,-0.86112,-0.44373,0.0,,,,8.703,8.29,5866206.0,0.0,-3113872.0,-4798493.0,-0.91,-0.7,0.479,0.012,0.637,3.37,0.36,5844058.0,,0.0,SILO
,,,,,,,,,,,,,,,,,,,,,,,,,,,,,,,,,SILV
25.634783,27.5514,0.07550166,0.14526358,,-0.449,-2.422,0.08552,0.15487,0.21987,0.18530001,0.04527,0.03971,-0.124,-0.855,-0.854,0.009,6.096,4.747,27582330880.0,5542000.0,-1612632064.0,-414320000.0,1.15,1.07,390.455,202.198,0.343,34.59,22.15,4524932096.0,,0.0,SIM
,-0.34356356,3.5822225,12.223136,,9.973,-1.368,0.0,-16.01923,0.52047,0.0,-2.04042,-0.53089,-0.74,,,83.382,1.701,1.465,6250000.0,3392000.0,-1463625.0,-7351000.0,-3.74,-11.73,1.125,0.592,0.634,7.36,1.71,15523383.0,,0.0,SINT
5.4127765,7.175896,0.64244264,0.86734384,,2.063,7.4,0.1161,0.23252001,0.47048,0.27873,0.088599995,0.04225,-0.006,,,89.192,0.313,0.226,79000000.0,10307000320.0,863750016.0,1896999936.0,4.07,3.07,34.291,25.249,0.925,29.18,18.69,7418392064.0,4.9,0.2651,SIRI
,,0.0038196368,0.01876012,,2.035,-1.862,0.0,-91.78812,0.080299996,-1.09332,-0.82948,-0.103319995,-0.726,,,45.284,0.718,0.077,236887.0,11801376.0,6831329.0,-3988447.0,-6802.27,,52.361,104.259,-1.335,271.5,0.17,180122.0,,0.0,SISI
13.518518,-9.864865,1.241919,2.743614,,3.597,8.895,0.26871002,-0.14449,0.62288,0.40437,0.025409998,0.0021799998,-0.566,,,80.672,2.632,2.334,128234000.0,248702000.0,11627250.0,-3071000.0,0.54,-0.74,5.878,2.669,1.147,15.93,6.76,384001696.0,18.13,0.0,SITC
42.51133,33.85567,3.4503047,1.2542664,,1.439,18.157,0.02994,0.067719996,0.34587002,0.079229996,0.085360005,0.045289997,0.041,0.351,0.331,55.413,2.489,1.009,106900000.0,955600000.0,185012496.0,255100000.0,3.09,3.88,38.072,103.873,1.604,156.93,101.25,5860308992.0,,0.0,SITE
,242.79309,8.327814,32.643635,,29.783,-166.12,-0.25182,-0.19021,0.52205,-0.17929001,-0.07877,-0.050970003,0.448,,,0.402,8.421,7.518,809574976.0,4435000.0,35279376.0,75270000.0,-2.92,1.45,42.274,11.593,2.549,386.0,105.4,9188726784.0,,0.0,SITM
,,,,,,,,,,,,,,,,,,,,,,,,,,,,,,,,,SIX
14.005,,0.019108366,0.018103419,,-0.183,-4.019,0.01316,0.0305,0.18608,0.045539998,0.00612,0.02317,-0.058,7.679,7.754,1.313,4.643,4.329,260374000.0,15857000.0,,,0.04,,29.317,31.445,0.861,1.16,0.45,23717616.0,,0.0,SJ
,9.507123,1.762531,1.217477,,2.118,10.179,-0.13608,0.19118999,0.3514,0.20805,-0.17438,0.0452,0.026,,,131.357,0.885,0.281,62800000.0,7960500224.0,322062496.0,969200000.0,-11.23,10.53,56.799,82.377,0.21,121.48,93.3,10681168896.0,4.4,0.8606,SJM
,,115.1923,11368.925,,11378.901,,0.0,-299.10132,1.0,0.0,-0.1079,-0.18211001,-0.979,,,11.406,,,29160.0,274135.0,,,-0.01,,0.052,0.001,0.615,7.22,3.66,279186688.0,,0.0,SJT
,,,,,,,,,,,,,,,,,,,,,,,,,,,,,,,,,SJW
,,29.77058,,,,-25.541,0.0,0.0,0.0,0.0,-1.3175999,-0.13921,,,,72.397,2.068,2.056,153012992.0,61726000.0,-214209376.0,-98279000.0,-0.7,,0.741,,1.979,22.34,8.53,2671319040.0,,0.0,SKE
,-0.87454766,1.4811032,0.120503455,,1.05,7.116,-0.22241,-0.06898,0.74604,0.14761,-1.26763,-0.02614,-0.026,,,1384.435,0.851,0.665,100512000.0,587734016.0,87383752.0,39922000.0,-13.93,-8.29,4.895,62.705,1.733,34.425,7.2,63143932.0,,0.0,SKIL
,-9.125,2.8294575,0.616575,,1.152,-222.196,-0.038900003,-0.08834,0.64809996,-0.00518,-0.18733999,-0.02922,-0.103,,,577.186,4.981,3.922,217396992.0,378980000.0,38126752.0,38761000.0,-0.16,-0.16,0.516,2.403,1.182,2.69,0.78,186154464.0,,0.0,SKIN
,-1.6876876,0.67613083,0.93386835,,0.016,-0.018,-0.84009004,-0.59443,0.86155,-0.84979,-0.47455,-0.14222,0.114,,,100.068,4.362,4.212,211800992.0,127263000.0,-44831000.0,-76018000.0,-4.75,-3.33,8.312,5.706,2.945,9.11,3.54,86154960.0,,0.0,SKLZ
11.697143,6.4371066,0.00037255863,0.0004536227,,0.556,2.208,0.03388,0.0123000005,0.70292,0.25173,0.055219997,0.02464,-0.122,,,94.832,1.067,0.651,1685766012928.0,11198644879360.0,1229295583232.0,4093675044864.0,1.75,3.18,54944.37,45218.207,0.287,23.8,19.73,7855399936.0,6.83,0.5709,SKM
34.138298,36.465908,5.2494683,6.4225755,,9.414,17.555,0.18743,0.33396,0.73538,0.53625,0.16951999,0.04567,0.104,0.273,0.289,232.926,1.723,0.651,13351000.0,1705368064.0,193681872.0,289384000.0,0.94,0.88,6.113,5.123,1.052,36.76,28.69,3693879808.0,3.65,1.2074,SKT
,,,,,,,,,,,,,,,,,,,,,,,,,,,,,,,,,SKX
22.234375,21.133663,3.0153627,1.8386154,,1.628,13.26,0.08412,0.10931,0.271,0.12279,0.14746,0.08344,0.11,0.096,0.063,7.777,2.596,1.663,618739968.0,122972000.0,135240368.0,247592992.0,3.84,4.04,28.315,46.006,1.064,116.49,59.44,4825517568.0,,0.0,SKY
,-1.0344828,1.1320755,,,,-0.065,0.0,0.0,0.0,0.0,-0.94311,-0.54876,,,,0.98,4.771,4.222,35312308.0,321845.0,-14401440.0,-41469144.0,-1.3,-1.16,1.06,,2.68,5.75,1.1,38468952.0,,0.0,SKYE
,-50.26316,2.7721336,30.071047,,28.734,-31.229,-0.17824,-1.05163,-0.65045,-0.92012,-0.11672,-0.03375,0.782,,,210.982,1.859,0.944,23505000.0,345705984.0,-35944248.0,-9360000.0,-0.46,-0.19,3.445,0.741,1.438,14.52,8.22,725464000.0,,0.0,SKYH
6.888889,-256.85715,4.5232706,2.5164642,,3.058,37.113,0.36358002,0.07258,0.23277001,0.08239,0.97293,0.0035100002,0.607,97.333,94.247,105.917,0.671,0.475,30895000.0,211568000.0,-8890750.0,5828000.0,2.61,-0.07,3.975,7.231,3.504,24.234,5.67,872173824.0,,0.0,SKYT
9.875835,12.383233,1.5496674,1.0495206,,1.474,5.921,0.109239995,0.16584998,0.33055001,0.2489,0.17417999,0.055,0.15,0.301,0.297,92.207,0.708,0.58,753358976.0,2469544960.0,299539360.0,894756992.0,10.47,8.35,66.724,98.501,1.631,135.57,74.7,4175111680.0,,0.0,SKYW
,-12.473683,-20.431034,2.9706082,,3.452,-10.842,-0.39121,-0.2831,0.28511998,-0.31839,-14.213929,-0.31792,0.078,,,3217.45,0.653,0.437,7829739.0,37351608.0,-5199855.0,-16605196.0,-0.35,-0.19,-0.116,0.872,-4013.187,2.57,0.88,269586016.0,,0.0,SKYX
,122.00001,4.3423033,6.259161,,5.668,-77.416,-0.115839995,-0.059910003,0.55886,-0.07322,-0.079959996,-0.047909997,0.238,,,,4.491,3.485,439024992.0,0.0,90758376.0,97487000.0,-2.63,1.16,32.591,22.787,1.557,160.0,82.82,4649348608.0,,0.0,SLAB
,,,,,,,,,,,,,,,,,,,,,,,,,,,,,,,,,SLAM
14.96498,10.479564,2.2412586,1.6301047,,1.927,8.846,0.10341,0.15479,0.19307,0.21789,0.15182,0.0686,-0.025,-0.398,-0.377,47.459,1.387,0.904,3584999936.0,12776999936.0,2153999872.0,5873999872.0,2.57,3.67,17.16,25.19,0.732,44.66,31.11,57456300032.0,2.96,0.4397,SLB
,,,,,,,,,,,,,,,,,,,,,,,,,,,,,,,,,SLCA
,-2.0981817,2.0621872,,,,-1.4,0.0,0.0,0.0,0.0,-0.8683,-0.4367,,,,10.065,6.737,6.498,236142000.0,21937000.0,-77397752.0,-132379000.0,-2.48,-2.75,2.798,,2.977,7.37,2.41,449542080.0,,0.0,SLDB
,-10.551021,2.5798404,49.87334,,37.618,-9.27,0.0,-6.3435197,0.07211,0.0,-0.23634,-0.13894,-0.198,,,2.236,15.782,15.558,251214000.0,8524000.0,-50341876.0,-68871000.0,-0.54,-0.49,2.004,0.109,1.881,8.86,0.68,987591872.0,,0.0,SLDP
,-1.3658209,-0.7055512,0.9090919,,0.991,-0.932,-1.3712801,-1.25918,0.39626998,-1.06388,-20.95509,-0.85595,-0.453,,,,0.465,0.372,1061000.0,3304000.0,-5073375.0,-10107000.0,-18.91,-0.67,-1.297,18.474,1.942,33.2,0.77,10516375.0,,0.0,SLE
15.497355,10.828096,1.394264,0.9490184,,-1.64,-10.202,0.0889,0.17148,0.40589002,0.16079001,0.12177,0.0082,0.041,-0.154,-0.177,51.118,53.424,49.701,105035997184.0,13285000192.0,-5833625088.0,2209999872.0,3.78,5.41,42.015,60.743,0.806,66.81,52.44,32728799232.0,4.45,0.6515,SLF
2129.5,-18.928888,0.85173184,4.8828588,,14.569,65.242,0.03873,0.042329997,0.35794997,0.2233,0.00612,-0.00579,0.099,,,135.478,1.867,0.634,196003008.0,5963078144.0,-343298528.0,112595000.0,0.02,-2.25,50.004,9.506,1.585,79.22,40.26,3231544320.0,7.26,153.75,SLG
,-84.375,4.3343325,5.947516,,4.906,-9.237,-0.4737,-15.72,-0.28714,-0.53109,-0.29591,-0.16478,-0.925,,,4.161,5.15,4.993,20843000.0,1083000.0,,,-3.23,-0.48,9.344,6.81,1.363,52.26,4.02,112824376.0,,0.0,SLGL
13.159863,9.34541,1.7990327,0.64421743,,1.346,8.889,0.049060002,0.10248,0.17674999,0.15138,0.14574,0.04764,0.151,0.14,0.132,217.704,1.27,0.772,389169984.0,4947216896.0,17898124.0,371796000.0,2.94,4.14,21.506,60.133,0.737,57.61,36.15,4139566080.0,2.07,0.2687,SLGN
7.4754095,-42.61682,3.7285361,,,,-76.553,0.0,0.0,0.0,0.0,,,,,,0.166,4.167,3.837,32062000.0,419000.0,,-17319000.0,0.61,,1.223,,1.946,6.4,1.08,1086543232.0,,0.0,SLI
10.572413,10.22,2.9781446,4.3762593,,6.657,,0.42668,0.50738,1.0,0.0,0.27853,0.02091,2.256,,,292.104,1.374,1.364,3591303936.0,6839028224.0,,-329577984.0,2.9,3.0,10.295,6.974,1.146,34.97,23.81,6392038912.0,1.7,0.17930001,SLM
,-7.7333336,4.4387755,12.727383,,34.233,-12.74,-2.49864,-148.81133,0.91323996,-2.68699,-0.64302003,-0.23403,-0.894,,,0.246,7.689,7.156,102192000.0,182000.0,-29535996.0,-72465000.0,-1.35,,1.568,0.543,1.343,8.88,1.97,328748288.0,,0.0,SLN
,,,,,,,,,,,,,,,,,,,,,,,,,,,,,,,,,SLNA
,15.090909,2.3953822,0.19205,,0.517,51.738,-0.10079,-0.05302,0.04894,0.01,-0.75143,-0.00783,0.231,,,380.113,1.294,1.186,40482000.0,332371008.0,20597500.0,-3422000.0,-1.75,0.22,1.386,17.791,0.424,5.34,2.68,179655280.0,,0.0,SLND
82.66667,-82.66667,1.3831568,1.2762924,,1.264,13.288,0.01403,0.04713,0.27215,0.09512,0.015360001,-0.00352,0.153,0.2,0.122,14.26,1.422,1.285,10404000.0,9511000.0,-7296625.0,10105000.0,0.06,-0.06,3.586,3.887,-0.03,8.28,3.29,92237656.0,,0.0,SLNG
,-0.80582523,7.345133,3.9462981,,5.147,-3.619,-2.74168,-0.92454004,0.62226003,-1.4221699,-1.2704101,-0.28474,0.118,,,36.66,1.182,0.993,51371000.0,26932000.0,-7866375.0,-5136000.0,-8.29,,0.226,1.944,4.847,5.14,0.36,113582352.0,,0.0,SLNH
,-22.629955,5.5752115,27.961325,,23.439,-28.116,-0.79503,0.34412998,0.98138,-0.83364,-0.20658001,-0.11748999,,,,10.643,16.084,15.771,498934016.0,52663000.0,-5702500.0,-25897000.0,-1.75,-2.27,9.214,2.034,-3.152,90.32,41.5,2759083776.0,,0.0,SLNO
,19.06796,3.1692753,4.99677,,4.596,29.578,-0.81736,0.03202,0.58375,0.15538,-0.42130002,0.02736,-0.065,,,0.494,7.665,6.984,32353000.0,616000.0,10152000.0,18126000.0,-3.22,1.03,6.197,3.939,1.166,37.67,12.39,395639232.0,1.76,0.0,SLP
139.0,46.333332,0.80161476,0.15648016,,0.576,16.373,0.03945,-0.12392,0.35893002,0.03519,0.15108,0.02333,0.125,,,77.667,1.539,1.431,10745000.0,424783008.0,13124625.0,-16679000.0,0.01,0.03,1.734,8.684,1.192,6.86,1.33,244600720.0,,0.0,SLQT
9.650603,9.768293,0.8798814,3.9786096,,7.368,,0.41004002,0.70728993,1.0,0.0,0.09071,0.03936,-0.047,0.057,0.057,114.666,1.074,1.071,394451008.0,1138962048.0,100604496.0,104371000.0,1.66,1.64,18.207,4.027,0.688,17.94,13.64,873965248.0,10.24,0.98800004,SLRC
,,,,,,,,,,,,,,,,,,,,,,,,,,,,,,,,,SLRN
,-0.08996728,0.18341485,,,,-0.005,0.0,0.0,0.0,0.0,-1.39551,-0.69908,,,,,3.28,2.601,4809680.0,0.0,-2818466.0,-4433218.0,-24.24,-9.17,4.498,,0.396,108.0,0.711,4836297.0,,0.0,SLRX
,-28.518517,-26.643597,,,,-19.77,0.0,0.0,0.0,0.0,,-0.57352,,,,,6.059,5.919,35137000.0,534000.0,-47300248.0,36064000.0,-0.36,,-0.289,,2.263,7.97,2.5,1285106304.0,,0.0,SLSR
